team,WP,OWP,OOWP,RPI,win_prob_vs_GT
Hawaii,0.6046511627906976,0.5003398228208817,0.48544040708581804,0.5226928038795697,0.7754298877938511
Santa Clara,0.5909090909090909,0.4975274969401605,0.5077279151319137,0.5234229999803315,0.7724884798457593
Oklahoma St.,0.66,0.5920974076996669,0.5737589652064594,0.6044884451514483,0.3443012104079863
Florida St.,0.8461538461538461,0.6300997625917198,0.5648243949197475,0.6677944415642583,0.10891626053302131
Northern Colo.,0.3902439024390244,0.4724476773083975,0.4973539115204346,0.4581232921440635,0.9385433823945063
Arizona,0.7872340425531915,0.5774933571187604,0.5627054564163405,0.6262315533017632,0.2414331690084107
Michigan St.,0.36363636363636365,0.5717342978521915,0.527467491501497,0.508643112710561,0.8267455579590574
San Diego St.,0.673469387755102,0.5750864992799377,0.5309700344300955,0.5886531051862682,0.4305610485919688
CSUN,0.5106382978723404,0.47625263127499634,0.4941277660422946,0.48931783161615694,0.8816049087033335
Oklahoma,0.851063829787234,0.6064021036560688,0.5883519737952793,0.6630550027236628,0.11996839805963777
Fla. Atlantic,0.8301886792452831,0.5097761517624011,0.5271813342302639,0.5942305792500873,0.399394528425684
Ole Miss,0.7142857142857143,0.5971582267339632,0.5799836627741325,0.6221464576319433,0.2590762308267679
Kansas,0.4375,0.584742400484573,0.5584370640392732,0.5413554662521048,0.6920042100308776
Illinois St.,0.4423076923076923,0.5429740451325247,0.49679586993701125,0.5062629131274382,0.834455838030462
Delaware,0.7254901960784313,0.43730450774219837,0.4848390473638905,0.5212345647316796,0.7812228479269115
Texas A&M,0.8269230769230769,0.6421393718621705,0.58711894727144,0.6745801919797145,0.09465248356540798
Purdue,0.56,0.579827017523037,0.5429649709510553,0.5656547514992823,0.5621750747116687
Grand Canyon,0.8809523809523809,0.4712356951332748,0.515811403568268,0.5848087936967996,0.45238375723905927
NIU,0.425531914893617,0.5024973959881642,0.4904198672572791,0.4802366435318061,0.9017497127193478
Nebraska,0.7446808510638298,0.5814780094801271,0.553408128955732,0.615261249744954,0.29064827548361133
Tennessee,0.7450980392156863,0.6536770816333318,0.5651417484353751,0.6543984877294312,0.14265566547479638
Ohio,0.6862745098039216,0.47516666836220356,0.4895774933892792,0.531546334979402,0.7379555641886458
N.C. Central,0.30952380952380953,0.45635347767989004,0.4408868960082565,0.41577941522296147,0.9758965442067185
UNC Greensboro,0.6923076923076923,0.5174352244544935,0.499101742580905,0.5565699709493961,0.6128193960446965
Elon,0.6428571428571429,0.500817973841855,0.4827278200501957,0.5318052276477622,0.7368011655831296
Georgia,0.5869565217391305,0.6004880003303886,0.5908540679146398,0.5946966475786369,0.3968230441396455
NC State,0.4528301886792453,0.5857434016003765,0.5527324025899037,0.5442623486174756,0.6775581316626169
Tarleton St.,0.6078431372549019,0.49809321783896277,0.4967883154576743,0.5252044720976254,0.7651987710026688
McNeese,0.6981132075471698,0.4636926239021995,0.5022628284872097,0.5319403209596947,0.7361974901901779
FIU,0.56,0.5201181340187886,0.5125871676565033,0.5282058589235201,0.7525552001977065
Indiana,0.66,0.5702275657440555,0.5364096126595417,0.5842161860369132,0.4557662883539101
Louisiana Tech,0.5625,0.5286775076725901,0.5270703457364643,0.5367313402704111,0.7142223690878844
South Carolina St.,0.4117647058823529,0.41155030712345453,0.4195855580696147,0.4136127195497191,0.9770426322800283
Furman,0.2857142857142857,0.521717874106513,0.4982052699387701,0.4568388259665205,0.9402273486838011
New Mexico,0.4375,0.48467118236544465,0.5133907554351662,0.48005828004151385,0.9021129788422219
A&M-Corpus Christi,0.24444444444444444,0.43034149336801497,0.4818720308407729,0.3967498655053118,0.9843139471163993
CSU Bakersfield,0.30612244897959184,0.45077761212520506,0.49404748069796467,0.42543128848199163,0.9700773113976735
UCF,0.5833333333333334,0.6015260409946778,0.5585939715963155,0.5862448467297511,0.44420576434542297
Seton Hall,0.56,0.49269683990596136,0.4944871349643758,0.5099702036940746,0.8223248023523322
Louisiana,0.5116279069767442,0.5695576624126193,0.5414392994982831,0.5480456328250665,0.658239612432281
South Carolina,0.6744186046511628,0.6683563601965541,0.5845205009301548,0.6489129564936065,0.15881163322609543
Virginia,0.7058823529411765,0.5931845761942918,0.56058430805727,0.6132089533467575,0.30048660687330253
Boston College,0.4583333333333333,0.5550420169312117,0.540189453006411,0.5271517050505419,0.7570474200667373
FGCU,0.5217391304347826,0.5099121512402351,0.5175278417095633,0.5147728186562041,0.805588184701724
Sam Houston,0.4897959183673469,0.5234484626439245,0.5247253700254931,0.5153545534201722,0.8034817340436455
BYU,0.6595744680851063,0.5286783229972581,0.5420595251049437,0.5647476597961416,0.567309118462716
UC San Diego,0.36585365853658536,0.4677862406361861,0.48820877668197704,0.44740872912273366,0.9513258933026776
South Alabama,0.37777777777777777,0.5382347076624022,0.5334112871282848,0.49691462005771675,0.8620942621931856
UAB,0.3877551020408163,0.5242323239170268,0.5278543558146844,0.4910185264223886,0.8774560146057145
Florida,0.75,0.6818991428045068,0.5780241677772618,0.672955613346569,0.0979070111817138
North Florida,0.7636363636363637,0.5152341860864262,0.5130904354015755,0.5767987928026979,0.4983482989818137
Clemson,0.7647058823529411,0.5948161396973609,0.5712147658543334,0.6313882319004991,0.22035907003245728
Texas Tech,0.7777777777777778,0.5563020019669077,0.5608080722171314,0.6127974634821811,0.3024819357332738
Marshall,0.5833333333333334,0.5233659125589691,0.5344046071078453,0.5411174413897792,0.6931711100975209
Long Beach St.,0.6190476190476191,0.4736297545689595,0.4962560928995732,0.5156408052712778,0.8024389102284439
Pacific,0.32,0.49279985344286914,0.5061930365146345,0.4529481858500932,0.9450678940559267
Baylor,0.4791666666666667,0.5793093834361507,0.5617972851286148,0.5498956796668957,0.6485929861072811
Abilene Christian,0.27450980392156865,0.5533717372458826,0.5239200105793536,0.47629332224817184,0.9095059267260119
South Fla.,0.7446808510638298,0.5396632226930874,0.5273943756270072,0.587850418019253,0.43509826270480717
LMU (CA),0.4375,0.5629999345128546,0.5213639039996163,0.5212159432563314,0.7812961226700549
Southern U.,0.4888888888888889,0.3782939798406896,0.44134562342920425,0.42170561799986805,0.9724695338302787
Arkansas,0.7708333333333334,0.6423253335006368,0.5846826673685177,0.6600416669257811,0.1274890374237788
Texas St.,0.6136363636363636,0.5624311423319932,0.5283517473503627,0.5667125989126782,0.5561709805111337
Arizona St.,0.6744186046511628,0.5535711424117766,0.5541754099489904,0.5839340748559265,0.4573779983698366
Maryland,0.3829787234042553,0.5706544563255402,0.5271040773708219,0.5128479283565394,0.8124358814614422
Southern Ind.,0.41025641025641024,0.47357321462712487,0.4649747764012619,0.4555944039779805,0.9418175254362136
Saint Louis,0.5882352941176471,0.4567103804330957,0.4706322930673589,0.49307208701279936,0.872280190822177
Villanova,0.5294117647058824,0.5330811406213045,0.5098017184012292,0.5263439410874301,0.7604519794432362
Utah St.,0.5102040816326531,0.5346367372634178,0.5172905241063842,0.5241920200664681,0.7693614074479753
Indiana St.,0.40425531914893614,0.4880609187201903,0.4810921706302124,0.4653673318048823,0.9281889782411273
Cal St. Fullerton,0.74,0.5050661098890723,0.5119904165180222,0.5655306590740417,0.5628782370254114
UConn,0.6530612244897959,0.531554503914058,0.5108505769138791,0.5567552023079478,0.6118069202142561
Houston Christian,0.3541666666666667,0.48938636204133207,0.4782386256208621,0.45279450409254823,0.9452513126512699
Houston,0.40540540540540543,0.5503724623552982,0.5460280167285861,0.513044586711147,0.8117448766531294
Iowa St.,0.5686274509803921,0.5432088615656672,0.5441793323068392,0.5498061266046415,0.6490628213605308
Nicholls,0.56,0.47651674267248034,0.4905327158141437,0.5008915502897762,0.8508422185246941
Alabama St.,0.36363636363636365,0.4683233846783846,0.46684536322185255,0.44178212405374634,0.9569861540086199
North Ala.,0.5714285714285714,0.5251955546961409,0.5146257720850996,0.5341113632264882,0.7263749418339002
Jacksonville St.,0.6363636363636364,0.4992847701226494,0.521062821422822,0.5389989995079393,0.7034467905427153
Auburn,0.5686274509803921,0.6348357851354387,0.5866510148175393,0.6062375090172022,0.3352669794387589
Southern Ill.,0.6458333333333334,0.5140938934913116,0.5136970214560839,0.5469295354430102,0.6639971553586818
UNI,0.6444444444444445,0.46884324817373496,0.48751801812980156,0.517412239730429,0.7958927890819683
North Dakota,0.48,0.45226408946727215,0.4944319456434399,0.46974003114449603,0.9211817115900044
Omaha,0.7906976744186046,0.4885934178914928,0.5133428393612954,0.5703068373907214,0.5356583535481967
Lamar University,0.5185185185185185,0.5016339658976329,0.4943409481200447,0.5040318496084573,0.8414309699123412
ULM,0.6470588235294118,0.49033666025714345,0.5122301172449175,0.534990565322154,0.7223328973261002
UTSA,0.37735849056603776,0.5129516776627171,0.507063574529302,0.4775813551051935,0.9070350963026348
Weber St.,0.48,0.4589811663013077,0.5010340183759716,0.47474908774464675,0.9123901666184464
UTEP,0.4,0.5139243872156489,0.5158942677383074,0.4859357605424013,0.8894948712953316
Kansas City,0.1111111111111111,0.49137372531306667,0.4996285670932879,0.3983717822076331,0.9837267725680998
App State,0.48936170212765956,0.526403888808109,0.508530714542411,0.5126750485715721,0.8130417220741909
North Carolina,0.7333333333333333,0.5445729074317543,0.5513791250972732,0.5934645683235288,0.40363293000736605
Bethune-Cookman,0.44,0.4664070343985179,0.4715500511545161,0.461091029987888,0.9344817195186467
Kentucky,0.5185185185185185,0.613532656453753,0.5777716062330543,0.5808388594147696,0.47511238432629144
Pittsburgh,0.38,0.575392881262819,0.5510782857277122,0.5204660120633375,0.7842323798988597
Notre Dame,0.4423076923076923,0.5715894092673655,0.5525724854210584,0.5345147490658704,0.7245249745218041
East Carolina,0.56,0.527873772504572,0.5209902755774842,0.534184455146657,0.7260403100633865
Providence,0.4375,0.5095569116967157,0.4920124992058645,0.487156580649824,0.8867013911660243
Evansville,0.3469387755102041,0.4642336436531044,0.4732109663818345,0.4371542572995618,0.9611651209783744
Stonehill,0.30612244897959184,0.4202938672281886,0.4458033142617033,0.3981283744244181,0.9838162516183638
Tennessee Tech,0.37735849056603776,0.4622605878004175,0.46767364158799557,0.4423883269387171,0.9564078986611756
Colorado St.,0.3409090909090909,0.49968812577824157,0.5158625750022563,0.4640369793669576,0.9302041729107243
UC Santa Barbara,0.5106382978723404,0.46317617844610226,0.5062930392955624,0.4858209235150268,0.8897545140492326
Liberty,0.7962962962962963,0.5292792683802681,0.5358130616956126,0.5976669736881113,0.3805735646103897
Radford,0.5294117647058824,0.5483617481357753,0.504240084898256,0.5325938364689222,0.7332646867579813
Louisville,0.52,0.5954326852036633,0.5562403424561447,0.5667764282158678,0.5558081568606223
UC Riverside,0.44680851063829785,0.47724285818318324,0.49336520292291125,0.4736648574818939,0.914365315963186
Utah Tech,0.2978723404255319,0.4977264097603287,0.4966661651923969,0.4474978312846466,0.9512308036168313
Stony Brook,0.5208333333333334,0.4748216511250045,0.4720106267117368,0.4856218155737698,0.8902034239538775
UIC,0.16,0.4551457343371493,0.4880270269298063,0.38957962390102624,0.9866694126500039
James Madison,0.5102040816326531,0.5216141615886991,0.5270403732808171,0.5201181945227171,0.7855844786359207
Illinois,0.4583333333333333,0.5406413799483164,0.5292226344186662,0.5172096819121581,0.7966494092100529
Lipscomb,0.49019607843137253,0.5180224869044491,0.5008019696699718,0.5067607554775606,0.8328662366078854
Bradley,0.46,0.47899851313197567,0.49256041507317583,0.4776393603342818,0.9069224123553534
Seattle U,0.5531914893617021,0.48813801466214185,0.5082476734570248,0.5094287980357527,0.8241389034482198
Utah,0.26,0.6122184024983941,0.5428620809664197,0.5068247214908019,0.8326611122113798
Minnesota,0.4,0.5766071465331329,0.5521249672275544,0.5263348150734551,0.7604902564024664
Tennessee St.,0.5,0.46491667501093487,0.47057970890965606,0.47510326473288145,0.9117360877518954
North Texas,0.6226415094339622,0.5315974741175282,0.5280424439480224,0.5534697254042603,0.6296148329979591
UMass Lowell,0.40476190476190477,0.4042785237512688,0.4425344773666649,0.41396335740777684,0.9768608365612916
SFA,0.5098039215686274,0.48831936320933556,0.47844236244829713,0.49122125260889893,0.876953199886723
Texas Southern,0.3611111111111111,0.44652677777555777,0.4263527097224482,0.4201293440961687,0.97342475908499
Murray St.,0.4444444444444444,0.45930657555095106,0.4878103413036349,0.4627169842124953,0.9321518676828241
Northwestern St.,0.14893617021276595,0.4756474521091714,0.48767451058629835,0.39697639625435177,0.9842332073135962
Central Mich.,0.5306122448979592,0.4871814662113579,0.5012763146465476,0.5015628729918057,0.8488698186433524
Idaho St.,0.723404255319149,0.44287771518322055,0.511126845423854,0.530071632777361,0.7444686791595996
Utah Valley,0.35714285714285715,0.4870107692714424,0.5096972077390054,0.46021540085618684,0.9357053963179109
South Dakota St.,0.5384615384615384,0.5269250724455176,0.5089560085193232,0.5253169229679742,0.7647332372036781
Jacksonville,0.46938775510204084,0.5097801996554526,0.5053026786135515,0.4985627082566244,0.8575203333776868
Western Caro.,0.4230769230769231,0.4851618880796677,0.49228917916641407,0.47142246960066814,0.9183226958797654
Siena,0.6346153846153846,0.4451561216153274,0.4613838455559413,0.4965778683504952,0.8630135315122803
Georgetown,0.2558139534883721,0.47433257070831325,0.488615543102337,0.42327365950183393,0.9714862310805159
Northwestern,0.6511627906976745,0.5404687964393359,0.5636775841434835,0.5739444919299574,0.5147746670890523
Kennesaw St.,0.19148936170212766,0.5222604863885962,0.5202196824590047,0.43905750423458123,0.9594958498869824
SIUE,0.5833333333333334,0.41989821205745353,0.4843783992676099,0.47687703917896257,0.9083935957457473
Wichita St.,0.5384615384615384,0.5362006270382402,0.539138321574813,0.5375002785282079,0.7105948657653721
George Mason,0.35294117647058826,0.4454587565880669,0.47945927567880103,0.43082949133138077,0.9662505989057587
Coastal Carolina,0.6666666666666666,0.5282985202426029,0.5233722897294685,0.5616589992203352,0.5846762168230089
Creighton,0.56,0.49251142816175025,0.49370861979393355,0.5096828690293584,0.8232894021424775
Dayton,0.6590909090909091,0.4713076939644447,0.4840892643879993,0.5214488903519495,0.7803782131724207
Wofford,0.5833333333333334,0.5075663859119378,0.4872475955543461,0.5214284251778888,0.7804589653614616
Army West Point,0.6111111111111112,0.4635175793508165,0.47038999989177666,0.5021340674261302,0.8471747668478334
Troy,0.6037735849056604,0.49211698836937007,0.5168617788395488,0.5262173351209873,0.7609826247319268
UC Davis,0.2978723404255319,0.4958224787668838,0.496528326148308,0.44651140602690187,0.9522737560383294
Syracuse,0.5416666666666666,0.5616793331222802,0.5317796626211144,0.5492012488830853,0.652228681117456
UNCW,0.5531914893617021,0.4785493670015793,0.4808186048838614,0.49777720706218054,0.8597159110564234
Iowa,0.64,0.5318996053882151,0.5586395013360332,0.5656096780281159,0.5624305098852226
Mississippi St.,0.6458333333333334,0.604030455460494,0.5777622623257473,0.6079141266450172,0.3267186557179001
UT Martin,0.32558139534883723,0.44069608318378467,0.4603804723993784,0.4168385085289462,0.9753162063602662
East Texas A&M,0.20454545454545456,0.4760820293873092,0.48524236153117956,0.4104879687128131,0.9786022900722491
Charleston So.,0.425531914893617,0.49418754837969,0.4926701781550447,0.4766442974520104,0.9088385745663436
Towson,0.45098039215686275,0.4178168164152828,0.454329039811969,0.4352357661998493,0.9627808470474909
Lehigh,0.56,0.44575256369091965,0.482701419842791,0.4835516368061576,0.8947765921253981
San Diego,0.40425531914893614,0.5070918987811855,0.5140006604628963,0.4831099442935509,0.895730307463966
Le Moyne,0.375,0.4203953400476001,0.45316009274319563,0.41723769320959897,0.9750939545137068
Purdue Fort Wayne,0.4634146341463415,0.47222034419053094,0.47566113327618387,0.47087911395089677,0.9192562164677972
Miami (OH),0.6037735849056604,0.4659398591703819,0.5049998213599588,0.5101632811515957,0.8216743140020789
South Dakota,0.5510204081632653,0.4777909505308209,0.4750586191533626,0.4954152320945674,0.8661477479799179
Duke,0.72,0.6140028522642547,0.571519073703881,0.6298811945580975,0.22637851064975495
Penn St.,0.5,0.5661646034585793,0.5395289848465017,0.5429645479409151,0.6840518174541299
Middle Tenn.,0.49056603773584906,0.5366661513940547,0.5166093832996311,0.5201269309558973,0.7855505923545976
UCLA,0.8392857142857143,0.6214171859173422,0.5507990068735994,0.6582297732484995,0.13220239784922672
IU Indy,0.45652173913043476,0.4747094150416908,0.47086684691810693,0.4692018540329808,0.9220767607340113
Fordham,0.5510204081632653,0.5057601669272155,0.48285996337988957,0.5113501763493964,0.8176346129794074
Col. of Charleston,0.6086956521739131,0.47474061830253433,0.47157427734743484,0.5074377915316042,0.8306849256291866
North Dakota St.,0.38,0.5083900958848847,0.49477580772665297,0.4728889998741056,0.9157538375817004
Southern Miss.,0.45652173913043476,0.541466156124488,0.5231304934440602,0.5156461362058677,0.8024194499720619
Youngstown St.,0.2777777777777778,0.4390219246725178,0.46410447768826446,0.4049815262027695,0.9811022151929785
Ohio St.,0.7924528301886793,0.5675628666070388,0.5442979486525796,0.6179691280138342,0.2779629083599945
Montana,0.18181818181818182,0.44820517492900835,0.4660710643436115,0.3860748990049525,0.9876901966752788
Colgate,0.35294117647058826,0.4288219372957525,0.4610270715841486,0.4179030306615604,0.974719177555995
Missouri St.,0.4,0.4932610350762534,0.5086963281408533,0.47380459957334,0.9141130309658815
Georgia St.,0.20833333333333334,0.5131896097031633,0.5108420730223595,0.43638865644050484,0.9618178162914197
Butler,0.5333333333333333,0.4911398159845502,0.4841815088621315,0.4999486185411413,0.8535767208463879
St. Thomas (MN),0.6666666666666666,0.49269510567901026,0.4904879935316501,0.5356362178890843,0.7193412785923359
Chattanooga,0.75,0.5091019981954412,0.4921318744693291,0.5650839677150529,0.5654072759857026
Binghamton,0.75,0.4707837494106414,0.4833326033723365,0.5437250255484049,0.6802551917613859
Stetson,0.5454545454545454,0.5772187781339241,0.4982100687949813,0.5495255426293437,0.6505330169375644
Washington,0.6818181818181818,0.5903649960397404,0.532576277818992,0.5987811129291636,0.37454475976284907
Western Mich.,0.32,0.47984588043134946,0.4981952338918647,0.4444717486886409,0.9543634639579915
Ga. Southern,0.5625,0.5223694316549342,0.5125615753525266,0.5299501096655987,0.7450006255591777
Loyola Chicago,0.3958333333333333,0.4903901069754066,0.4762234123899734,0.46320923991852997,0.9314314922959576
Michigan,0.64,0.555055613800706,0.5403999313090504,0.5726277897276155,0.522343625848629
Belmont,0.7346938775510204,0.48048570437916494,0.4915941194262758,0.5468148514339065,0.6645860524892041
Western Ky.,0.6222222222222222,0.5106080710037977,0.5179817719010603,0.5403550340327195,0.6968920966043185
Eastern Ky.,0.7346938775510204,0.49822719308406677,0.5128687014572426,0.5610042412940992,0.5883324711428881
St. John's (NY),0.75,0.4887291851362839,0.4931816749980401,0.5551600113176519,0.6204937646802908
Bellarmine,0.17073170731707318,0.5316897403914547,0.4992908228201093,0.43335050273002296,0.9643055198755793
Lindenwood,0.5106382978723404,0.4276997597796562,0.45857339532378627,0.45615280318885976,0.9411089476013459
Hampton,0.3191489361702128,0.40407648303331295,0.433239850051226,0.39013543807201617,0.9865000281268981
Akron,0.5384615384615384,0.5072997039817971,0.48041930020264867,0.5083700616569453,0.827644275253412
Monmouth,0.21568627450980393,0.47098934110957963,0.45870552558763983,0.40409262057915074,0.9814779884409047
Bowling Green,0.3076923076923077,0.4694063292209994,0.49199278806465685,0.43462443854974087,0.9632819841968017
Georgia Tech,0.5348837209302325,0.606140694447933,0.5588823377891263,0.5765118619038061,0.5
Sacramento St.,0.5581395348837209,0.4541520813436316,0.5033941148097199,0.49245945309517597,0.8738435151486144
Saint Mary's (CA),0.5652173913043478,0.5785396378382359,0.506793342763506,0.5572725024360814,0.6089742626920437
Cleveland St.,0.525,0.4466988175607144,0.4700497465565883,0.4721118454195043,0.917124155418581
Green Bay,0.3541666666666667,0.4527904085853936,0.46045997677168743,0.43005186515228533,0.9668296545046895
FDU,0.5,0.3928073426449828,0.44683033754785545,0.43311125570945525,0.9644946529255709
Charlotte,0.5740740740740741,0.5842042957023764,0.5220926259277673,0.5661438228516485,0.5594013741408428
Southeastern La.,0.7857142857142857,0.4603153855682836,0.48744737799577836,0.5484481087116578,0.6561517805596804
Ball St.,0.6666666666666666,0.44534825799122163,0.49031663707445033,0.51191995493089,0.8156702088912021
Oregon St.,0.5238095238095238,0.50464828832643,0.521617000037449,0.5136807751249582,0.809496092199443
Cal Poly,0.19047619047619047,0.4793415271343961,0.4841492770805021,0.40832713045637115,0.9796197173270897
Oregon,0.8936170212765957,0.5420841818598946,0.557505966561913,0.6338228378895745,0.21087919449934203
Buffalo,0.3333333333333333,0.4735978086055594,0.4834271448285076,0.44098902384323996,0.9577316346945253
Southern Utah,0.42857142857142855,0.5291247529165684,0.5187387947537965,0.5013899322895905,0.8493799731301198
George Washington,0.6274509803921569,0.4309741056816213,0.466433700680359,0.4889582231089396,0.8824664592226735
Morehead St.,0.1590909090909091,0.500019462222644,0.4584828082110214,0.4044031604368047,0.9813475523852788
Northern Ky.,0.4791666666666667,0.44731183167619015,0.4712257557450568,0.46125402144102595,0.934251563648108
California,0.6730769230769231,0.6040987661872994,0.5598260207243952,0.6102751190439792,0.31487453464626025
Longwood,0.4166666666666667,0.5354469024603228,0.4977164723665348,0.4963192359884618,0.863716045040718
Texas,0.8163265306122449,0.6131067088803414,0.5764868804358004,0.6547567072021819,0.14164982632327208
Central Ark.,0.5384615384615384,0.6056483263671695,0.5183485590499852,0.5670266875614656,0.5543850419336178
Virginia Tech,0.8260869565217391,0.5849507583038616,0.5700374885340456,0.6415064904158769,0.18293965232345838
Rutgers,0.3333333333333333,0.5329047330544802,0.5260125241106847,0.4812888308882446,0.899582233091526
Alabama,0.6491228070175439,0.6284393583460113,0.5808934318311753,0.6217237388851854,0.26094900099883617
Marist,0.88,0.42537620034398194,0.4619793231717712,0.5481829309649338,0.6575280663489667
Ark.-Pine Bluff,0.35714285714285715,0.4400559222756663,0.40047850758290227,0.409433302319273,0.9791049388989574
UNLV,0.4523809523809524,0.5221015483335156,0.5167213670839549,0.5033263540329846,0.8435864063635861
Boise St.,0.6078431372549019,0.5113984658879697,0.5268644381381531,0.5393761267922486,0.7016320993912586
Winthrop,0.5531914893617021,0.4786338710928108,0.4814590830474219,0.4979795786486864,0.8591529784665821
Portland St.,0.22916666666666666,0.4913346188795625,0.4786618652731056,0.4226244424247243,0.971897417380108
Nevada,0.78,0.5404782100617175,0.5225178578280917,0.5958685694878817,0.3903825048238261
Alcorn,0.28205128205128205,0.3704296242599155,0.3984178306099989,0.355332090295278,0.9938969958982241
Mississippi Val.,0.06060606060606061,0.3931196225833872,0.42280105699729803,0.3174115906925332,0.9974420916524623
Rust,0.0,0.33911210317460316,0.412406811488754,0.2726577544594901,0.9990857568959857
Morgan St.,0.40476190476190477,0.40526439597188135,0.4305403639667559,0.41145776516810584,0.9781296636335689
Toledo,0.40425531914893614,0.491634011944661,0.48444475201662596,0.467992023763721,0.9240549590420359
Saint Francis,0.5111111111111111,0.42983582504617585,0.4624672871736398,0.4583125120942756,0.9382915941002449
California Baptist,0.4489795918367347,0.5393314897867844,0.5184526460662467,0.5115238043691376,0.8170377310159901
Massachusetts,0.30434782608695654,0.4690258012630445,0.478721161551546,0.43028014754114785,0.9666606672105268
ETSU,0.34615384615384615,0.4763826447736783,0.48589594763665883,0.44620377083446544,0.9525946635164951
Kent St.,0.24489795918367346,0.5048631197533736,0.4839038526238384,0.4346320128285648,0.9632758150556098
Austin Peay,0.74,0.4625867401470468,0.5128581699958423,0.544507912572484,0.6763215768318421
Florida A&M,0.5789473684210527,0.4871102679434105,0.4609974199883573,0.5035413310740577,0.842932146604896
Boston U.,0.6938775510204082,0.43403494564126344,0.48598127312862394,0.5119821788578898,0.8154546928360308
Campbell,0.6304347826086957,0.42538740086664356,0.4805801240071571,0.49044742708728495,0.878862995353815
Presbyterian,0.4186046511627907,0.43040438975667206,0.4679916796025931,0.436851277569682,0.961424689768115
Bucknell,0.37777777777777777,0.4926310901032577,0.4543197970321027,0.45433993875409895,0.9433802990781963
UT Arlington,0.5217391304347826,0.5144233977052242,0.5072150368474265,0.5144502406731644,0.8067488300066316
Prairie View,0.5652173913043478,0.43659698306596384,0.444844252822395,0.47081390256466765,0.919367597539952
UIW,0.6086956521739131,0.4796800553659191,0.4819809934966349,0.5125091891005965,0.8136215432464257
San Jose St.,0.40476190476190477,0.5535502512149408,0.5132036297055783,0.5062665092243411,0.8344443993394416
West Ga.,0.23529411764705882,0.4591637878408423,0.49294532496744786,0.4116417545740478,0.9780388522384829
Drexel,0.11904761904761904,0.4707624329444986,0.46667776239823217,0.3818125618337121,0.9888280806906377
LIU,0.5365853658536586,0.4758147500524447,0.45865479630859723,0.4867174155667863,0.8877133126743955
Bryant,0.391304347826087,0.4331760596897835,0.4609601414818256,0.4296541521718699,0.9671220897438408
USC Upstate,0.7142857142857143,0.4438087309715499,0.48575707537237417,0.5219150629002971,0.7785329947771312
Wisconsin,0.6470588235294118,0.5518182958202269,0.5329396437949773,0.5709087647412107,0.5322093549333721
Eastern Ill.,0.6274509803921569,0.4686132947082027,0.4689870945734509,0.5084161660955033,0.8274927870207847
LSU,0.7111111111111111,0.6333925245621602,0.593124976892327,0.6427552842819396,0.17868075384959972
Missouri,0.45454545454545453,0.6473727080829405,0.5772817279653562,0.581643149669173,0.4704962478216466
Saint Joseph's,0.52,0.48696076995420495,0.4764814282170404,0.49260074203136256,0.8734844318313643
Gardner-Webb,0.36363636363636365,0.4608073326372843,0.4908161449821644,0.44401679347327416,0.9548175567571353
Tulsa,0.38461538461538464,0.5136599755622354,0.5219476559045758,0.4834707479111078,0.8949518236463433
Fresno St.,0.6382978723404256,0.51600092597958,0.5256179221931399,0.5489794116231814,0.6533864058830124
Howard,0.6086956521739131,0.4306485045863964,0.4519228581515819,0.48047887987457194,0.9012544359266939
Memphis,0.2857142857142857,0.49615729324933533,0.5146315661577379,0.4481651095926736,0.9505130637849868
DePaul,0.2727272727272727,0.45496096830782945,0.48725114831775573,0.4174750894151718,0.9749608573071895
Western Ill.,0.22727272727272727,0.41212681878812735,0.4601995572449189,0.3779314805234752,0.9897733838061618
Detroit Mercy,0.23809523809523808,0.4554516852513728,0.4696371607438516,0.40465894233545885,0.9812394398983729
Samford,0.5833333333333334,0.5307321881671216,0.5141373227974763,0.5397337581162632,0.6999053391996368
Queens (NC),0.3,0.46025216967240623,0.5051584118389617,0.4314156877959435,0.9658076538322355
Drake,0.41509433962264153,0.4619678595076186,0.49264296771174176,0.45791825658740515,0.9388151319429824
Alabama A&M,0.3902439024390244,0.39498340057498627,0.44703102563884367,0.4068104323069602,0.98030540291952
Grambling,0.38636363636363635,0.34356631413154126,0.4150012133869797,0.37212436950342465,0.991041875753873
Valparaiso,0.4166666666666667,0.4270854972681744,0.47477320663520445,0.43640271695955496,0.9618059248210726
Arlington Baptist,0.0,0.2231359649122807,0.38617754913942964,0.20811236974099775,0.9997930262913953
Stanford,0.7619047619047619,0.618885301600329,0.5633461416893566,0.6407553766986941,0.1855389769308504
Southeast Mo. St.,0.5853658536585366,0.4474498464681116,0.46862776911539034,0.48722332892753756,0.886546895668324
Merrimack,0.2727272727272727,0.42458995284784,0.4504532191052961,0.3930900993820622,0.9855633338737899
Mercer,0.5918367346938775,0.5459804187088558,0.511135796173157,0.5487333420711865,0.6546684731707986
Robert Morris,0.627906976744186,0.4198945485011404,0.4710084182106652,0.484676122989283,0.8923137627264836
Iona,0.6222222222222222,0.4675313987203102,0.44514043901054134,0.5006063646683461,0.8516736707553313
Fairfield,0.5102040816326531,0.4448796515283518,0.46377420918993095,0.4659343984698219,0.9273137807881032
Harvard,0.6944444444444444,0.4580883433973666,0.49359216666614664,0.526053324476331,0.7616688450834146
Canisius,0.5319148936170213,0.4255776470241784,0.4544223498937766,0.45937313438978866,0.9368623366902722
UMBC,0.4,0.47314013827180024,0.4590341665444479,0.45132861077201214,0.9469720717951939
Manhattan,0.23255813953488372,0.451447640689768,0.44686751301293065,0.39558023348183763,0.9847243952412854
Fort Valley St.,0.0,0.4081219168428471,0.37228123151573905,0.2971312663003583,0.9983949210211124
Dartmouth,0.4473684210526316,0.4950122744732662,0.48804312627409546,0.4813590240683148,0.8994361356833976
Ouachita Baptist,0.5,0.34210526315789475,0.4400559222756663,0.40606661214786394,0.9806333649800277
Central Conn. St.,0.40425531914893614,0.4517705613877031,0.44475869595719675,0.4381387844703848,0.9603100370281079
Jackson St.,0.5116279069767442,0.38996496105264267,0.44892206097460324,0.4351199725141582,0.9628762712844554
Coppin St.,0.0967741935483871,0.408219938677819,0.40338801765094956,0.3291505221387437,0.9966508880840452
UMES,0.13636363636363635,0.3436348861808623,0.4154407576625862,0.3097685415969868,0.9978539798732076
N.C. A&T,0.24,0.45043077173715546,0.4433044243405186,0.3960414919537074,0.984563808140149
Maine,0.2391304347826087,0.403681002815766,0.4456842619047691,0.37304417557972747,0.9908518795475187
Penn,0.07894736842105263,0.5266466407859363,0.48169452388848827,0.40348379347035335,0.9817311220439762
Quinnipiac,0.41304347826086957,0.46048728968556335,0.47381670704161,0.45195869116840154,0.946238789373727
Sacred Heart,0.43478260869565216,0.4782745450711964,0.44959990329428795,0.4602329005330832,0.9356811505678163
Lafayette,0.1891891891891892,0.4966288044029244,0.4680028027029842,0.4126124001745055,0.9775536371738013
Claflin,0.0,0.1703844328429046,0.3970328289590089,0.1844504236612045,0.9998799579286003
Norfolk St.,0.4878048780487805,0.3597571596234847,0.4192069565584043,0.40663153846353856,0.9803847736868848
Saint Peter's,0.2708333333333333,0.39410489584765185,0.426389507970987,0.371358158249906,0.9911971558960706
Princeton,0.65,0.502294674469128,0.49454702983074783,0.537284094692251,0.7116174786837491
Mercyhurst,0.13157894736842105,0.40353880710756634,0.4307217427804845,0.34234457609100954,0.9954673294601071
Hofstra,0.46511627906976744,0.5264808017314293,0.48224468384034685,0.5000806415932432,0.8531963695794619
Delaware St.,0.5333333333333333,0.3560060019190702,0.43207157109904476,0.41935422706762965,0.9738825813970048
Virginia Union,0.0,0.5116279069767442,0.3560060019190702,0.3448154539681397,0.9952032431627117
Rhode Island,0.2708333333333333,0.4449667446536671,0.4651346034825128,0.4064753565307951,0.9804538113795614
Holy Cross,0.16279069767441862,0.4364568758943029,0.45028833399380414,0.3714981958642071,0.9911689765131059
Cornell,0.42105263157894735,0.5163409367179709,0.48727657938690144,0.4852527711004476,0.8910312368833444
New Mexico St.,0.475,0.5365584726517008,0.5289075418803101,0.519256121795928,0.7889090796693703
Rider,0.41818181818181815,0.42476309630816816,0.4635769162862321,0.43282123177109666,0.9647226327691988
Brown,0.6666666666666666,0.44527410378687526,0.47324499423019856,0.5076149671176539,0.8301103632221838
UAlbany,0.4666666666666667,0.47385706348037354,0.4600647365099564,0.46861138253434254,0.923048068657686
Columbia,0.5897435897435898,0.46985658647385947,0.48997243861164325,0.504857300325738,0.8388785150543702
Xavier (LA),0.5,0.2702702702702703,0.3704296242599155,0.352742541200114,0.9942482285754456
Yale,0.41304347826086957,0.4796715773412781,0.4796983267424774,0.4630212399214758,0.9317074472117517
Oakland,0.4,0.4598946787371183,0.46208209298527836,0.4454678626148787,0.9533540212729912
Tuskegee,0.0,0.436046511627907,0.36676563759209196,0.3097146652119765,0.9978566347643737
Wagner,0.36585365853658536,0.42195381028059475,0.4478915981212814,0.4144132193047641,0.9766255365870512
Niagara,0.2682926829268293,0.45208214358783144,0.4542328483655811,0.4066724546170183,0.9803666478972269
Mount St. Mary's,0.2,0.41760568721691305,0.4418088542138707,0.3692550571619242,0.9916097913904127
St. Bonaventure,0.2391304347826087,0.43151527617988245,0.4493617203569402,0.38788067687482847,0.9871742733872961
Chestnut Hill,0.0,0.5116279069767442,0.3560060019190702,0.3448154539681397,0.9952032431627117
Mont. St. Billings,0.0,0.14285714285714285,0.44820517492900835,0.1834798651608235,0.9998826105553663
Henderson St.,0.75,0.3773809523809524,0.3918111182036038,0.47414325574137717,0.9134988387102904
La. Christian,0.0,0.46511627906976744,0.3782939798406896,0.3271316344950561,0.9968025272179584
Bowie St.,0.0,0.4135375494071146,0.3800412424761916,0.3017790853226052,0.9982139407373359
Lincoln (PA),0.0,0.3034330011074198,0.34982044404996626,0.23917161156620145,0.9995769285488414
Western Ore.,0.0,0.1956521739130435,0.4913346188795625,0.22065974167641236,0.9997237140554498
LSU-Alexandria,0.5,0.4883720930232558,0.3782939798406896,0.4637595414718003,0.9306177874779554
Cleary,0.0,0.37209302325581395,0.4598946787371183,0.30102018131218655,0.9982448256569126
Jamestown,0.0,0.4583333333333333,0.45226408946727215,0.3422326890334847,0.9954789391990885
Morningside,0.0,0.5319148936170213,0.4777909505308209,0.38540518444121585,0.9878762831615665
Lawrence Tech,0.0,0.37209302325581395,0.4598946787371183,0.30102018131218655,0.9982448256569126
Colby,0.0,0.2222222222222222,0.403681002815766,0.2120313618150526,0.9997734851840027
Minn.-Crookston,0.0,0.46938775510204084,0.45226408946727215,0.34775989991783846,0.9948684796972358
